niche,supplier_name,product_fit,official_website,official_contact_page,email,phone,whatsapp,address,country_region,source_type,verified_from,buyer_notes,verification_status
Phone accessories,Promate Technologies,"Power banks, chargers, cables, hubs, speakers, bags and mobile/tablet accessories",https://promate.net/,https://promate.net/pages/contact-us,,,,,China/Shenzhen-facing global brand,official website,"Official website shows categories including power banks, chargers, cables, peripherals, car accessories, bags, travel and watch accessories. Site footer links to Contact Us and e-catalog.",Good for studying branded accessory categories and product positioning. Confirm whether wholesale/OEM terms are available before treating as a supplier lead.,official_site_confirmed
Phone accessories,Baseus,"Chargers, power banks, cables, hubs/docks, earbuds/headphones, car accessories and general electronics accessories",https://www.baseus.com/,https://support.baseus.com/,,,,,China/global brand,official website,"Official website lists product categories including charging, security camera, earbuds/headphones, hubs and docks, portable vacuum, car accessories and accessories. Support/contact links are visible.",Strong product-reference brand for accessory niches. For importers, verify official distribution/wholesale channel before purchase.,official_site_confirmed
Phone accessories,UGREEN,"Charging products, hubs, storage drives, trackers, audio and accessories",https://www.ugreen.com/,https://www.ugreen.com/pages/contact-us,,,,,China/global brand,official website,"Official website lists product areas including storage drives, trackers, audio, support, about and contact links. Where-to-buy section says to buy through official channels and verified partners.",Useful as a category benchmark and possible official-channel lead. Confirm wholesale path and avoid counterfeit channels.,official_site_confirmed
LED lights and lighting products,OPPLE Lighting,"Professional, consumer and smart lighting including LED downlights, panels, outdoor, industrial and soft strip lighting",https://www.opple.com/en,https://www.opple.com/en/contact,,,,,China/global lighting company,official website,"Official global website lists professional lighting categories including LED downlight, spotlight, panel, soft strip, industrial lighting, flood light, T8 tube; regional office/location links include Middle East and Africa.",Relevant for lighting importers and corporate/project buyers. Confirm distributor/wholesale channel and product standards for Nigeria before buying.,official_site_confirmed
LED lights and lighting products,AceBeam,"Flashlights, headlamps, searchlights, camping lights and portable lighting",https://www.acebeam.com/,,,,,,China/Shenzhen,official website pending deeper review,"Public source identifies AceBeam as a Shenzhen LED flashlight manufacturer. Official website needs deeper contact-page extraction before final PDF inclusion.",Potentially useful for outdoor/camping/security lighting niche; needs official contact verification before final product.,needs_manual_verification
Beauty and cosmetic packaging,Jarsking,"Custom cosmetic packaging, skincare jars, airless bottles, droppers, pumps, perfume bottles, folding cartons, pouches and secondary packaging",https://www.jarsking.com/,https://www.jarsking.com/,info@jarsking.com,,,,China,official website,"Official website identifies Jarsking as a custom cosmetic packaging manufacturer founded in 2003 and lists cosmetic jars, essential oil bottles, lotion bottles, serum glass bottles, foam pump bottles, roll-on bottles, spray bottles, perfume bottles, caps, pumps, folding cartons and custom cosmetic packaging.",Strong fit for beauty packaging, fragrance packaging and skincare packaging buyers. Confirm MOQ, tooling cost, decoration method and sample process before paying.,official_site_contact_confirmed
Beauty and cosmetic packaging,UKPACK Packaging,"Wholesale cosmetic containers, airless packaging, beauty packaging, beverage/health packaging, OEM/ODM and product customization",https://www.ukpackpackaging.com/,https://www.ukpackpackaging.com/contact-us/,,,,,China,official website,"Official website navigation lists Products, Beauty, Beverage, Health, Airless Expertise, Custom Services, Cosmetic packaging development, Inspection and Shipment, Quality Management, Testing, Private Customized Mold and OEM&ODM.",Potential lead for cosmetic containers and airless packaging. Contact details need extraction from official contact page before final PDF contact fields are completed.,official_site_confirmed
Beauty and cosmetic packaging,Libo Cosmetics,"Cosmetic packaging including lip gloss, lipstick, compact and palette, jar/bottle, concealer, mascara, applicators, glass, tube, accessories and skincare packaging",https://www.libocosmetics.com/en,https://www.libocosmetics.com/en/contact,sales@libocosmetics.com,+86-7698919-8992,,Jinlong Road Mulberry Field Shijiao Industrial Park Dongcheng District Dongguan Guangdong China,Taiwan/China,official website,"Official website footer lists product categories, sales email, Taiwan office, Taiwan plant and China Plant & Office in Dongguan with phone and fax.",Useful for color cosmetics and skincare packaging. Verify whether China plant contact handles export sales and request samples before production.,official_site_contact_confirmed
Kitchen tools and small kitchen gadgets,Midea,"Kitchen appliances, small appliances, water appliances, floor care, lighting and smart home products",https://www.midea.com/global,https://www.midea.com/global/contact-us,sales@midea.com,4008899315,,,China/global,official website,"Official company intro describes Midea as a publicly listed Fortune 500 company and home appliance manufacturer with product ranges including large and small kitchen and cooking appliances. Contact page lists product categories and China customer service number.",Good benchmark and possible official-channel lead for appliance categories. Nigerian buyers should confirm export/distribution channel and warranty path rather than buying through unofficial sellers.,official_site_contact_confirmed
Kitchen tools and small kitchen gadgets,SUPOR,"Cookware and small kitchen appliances",https://www.supor.com/,,,,,,China/Hangzhou,official website pending deeper review,"Public company information identifies Zhejiang Supor as a Chinese cookware and small appliances company. Official website exists but English/export contact path needs deeper confirmation.",Potentially useful for cookware/small appliance category benchmarking; needs official export/contact verification before final PDF inclusion.,needs_manual_verification
Corporate gifts and promotional merchandise,Haers,"Water bottles, tumblers, mugs, smart bottles, sports bottles, kids bottles, glass bottles, electric kettles, food jars and customizable drinkware",https://www.haers.com/,https://www.haers.com/contact-us/,,,,,China/Zhejiang,official website,"Official website identifies Haers as a water bottle manufacturer with 26 years experience, OEM/ODM customization, private labeling, global certifications, product categories including stainless steel bottles, tumblers, smart bottles, kids bottles, glass bottles, electric kettles and food jars.",Strong fit for corporate gifts, branded drinkware and promo campaigns. Confirm MOQ, logo method, material grade, samples and packaging options before ordering.,official_site_confirmed
CCTV and security gadgets,Dahua Technology,"CCTV, network cameras, PTZ cameras, NVRs, HDCVI systems, access control, video intercoms, alarms, displays and security accessories",https://www.dahuasecurity.com/,https://www.dahuasecurity.com/aboutUs/contactUs,,,,,China/Hangzhou,official website,"Official website lists CCTV, video intercoms, access control and time attendance, alarms, network cameras, PTZ cameras, network recorders, HDCVI products, accessories, solar power and regional contact categories including Dahua Africa.",Good enterprise/security category reference and possible official-channel lead. Importers must verify Nigerian legality, warranty route, cybersecurity requirements and authorized distribution before purchase.,official_site_confirmed
CCTV and security gadgets,Uniview,"Network cameras, analog cameras, PTZ cameras, thermal cameras, NVRs, DVRs, access control, video intercoms, transmission, storage and security software",https://www.uniview.com/,https://www.uniview.com/About_Us/Contact_Us/,,,,,China/Hangzhou,official website,"Official website lists network cameras, analog cameras, PTZ cameras, thermal cameras, intelligent traffic, NVRs, DVRs, access control, video intercoms, transmission, storage, software and contact sales/service paths.",Useful for security installers and retailers comparing CCTV product lines. Confirm authorized distributor path, firmware support and compliance before placing an order.,official_site_confirmed
POS and retail equipment,SUNMI,"Android POS terminals, payment terminals, desktop terminals, kiosks, mobile terminals, interactive displays, CPad devices and accessories",https://www.sunmi.com/en/,https://www.sunmi.com/en/contact-us,sunmiglobal@sunmi.com,400-6666-509,,"Building 7, No.388, Songhu Road, Yangpu District, Shanghai, China",China/Shanghai,official website,"Official website lists CPad, interactive display, mobile terminals, payment terminals, desktop terminals, kiosks, network and accessories. Contact page lists Shanghai HQ address, China service number and global office emails including Singapore global HQ.",Strong fit for POS importers, retail tech suppliers and restaurant/hospitality solution providers. Confirm payment certification, Android version, local app compatibility and after-sales support before ordering.,official_site_contact_confirmed
POS and retail equipment,Xprinter,"Thermal receipt printers, label printers, mobile printers, panel printers, dot matrix printers, barcode printers and OEM/ODM POS printer services",https://www.xprintertech.com/,https://www.xprintertech.com/contact-us.html,overseas@xprinter.net,(+86)-0756-3932978,,"5F, 1st Building, 613 Huawei Road, Qianshan Industrial Park, Xiangzhou District, Zhuhai City, Guangdong Province, China",China/Zhuhai,official website,"Official website describes Xprinter as a receipt printer manufacturer and service provider, lists cloud printer, receipt printer, label printer, mobile printer, panel printer and dot matrix printer categories, and publishes overseas email, phone and office address.",Good fit for receipt printer, label printer and POS accessory buyers. Confirm interface type, paper size, SDK/app compatibility, power plug and spare-parts availability before buying.,official_site_contact_confirmed
Solar and power accessories,Deye Inverter,"Hybrid inverters, string inverters, off-grid inverters, microinverters, modular C&I energy storage systems, monitoring accessories and EV chargers",https://www.deyeinverter.com/,https://www.deyeinverter.com/contact/,,(+65) 9880 7466,,"Deye Inverter (Singapore) Pte. Ltd., 1 Tai Seng Avenue, Tai Seng Exchange, Tower A, 02-02, Singapore 536464",China/Ningbo with APAC office,official website,"Official website lists hybrid inverter, string inverter, off-grid inverter, microinverter, modular C&I ESS, accessory and monitoring, and EV charger categories. Contact page publishes APAC regional head office sales information.",Good fit for solar installers and energy equipment importers. Confirm exact model approval, battery compatibility, warranty region, installation support and genuine distribution route before buying.,official_site_contact_confirmed
Solar and power accessories,GoodWe,"Residential, commercial, ground-mount and energy-storage inverters, batteries, smart meters, monitoring hardware, EV chargers and solar building products",https://www.goodwe.com/,https://www.goodwe.com/contact/contact-us,,,,,China/Suzhou,official website,"Official website lists residential PV inverters, commercial PV inverters, ground PV inverters, energy-storage inverters, batteries, smart meters, WiFi/LAN modules, EzLogger devices, SEC/SCB/SCU accessories, EV chargers and regional Africa language route.",Useful for solar equipment benchmarking and possible official-channel sourcing. Contact fields need deeper extraction from regional pages before final PDF contact fields are completed.,official_site_confirmed
Packaging materials,Packoi,"Custom printed boxes, mailer boxes, product boxes, shipping boxes, gift boxes, display boxes, folding cartons, custom paper bags, shopping bags and marketing print materials",https://packoi.com/,https://packoi.com/contact/,info@packoi.com,+86 18148969327,,"Room 528, 5th Floor, Shunjing Commercial Port, 855 Gongye Avenue South, Haizhu District, Guangzhou, Guangdong Province, China",China/Guangzhou,official website,"Official website identifies Packoi as a custom packaging manufacturer in China and lists custom boxes, custom bags, marketing materials, samples, flexible MOQ and global delivery. Footer publishes phone, email and Guangzhou address.",Strong fit for branded packaging, ecommerce packaging and product launch packaging. Confirm material, dieline, sample cost, print finish, carton strength, MOQ and shipping dimensions before paying.,official_site_contact_confirmed
Restaurant and catering supplies,SHINELONG Kitchen Equipment,"Commercial kitchen equipment, bakery equipment, cooking equipment, refrigeration, stainless steel fabrication, food preparation machines, dishwashing, hotel kitchen and restaurant kitchen solutions",https://www.shinelongkitchen.com/,https://www.shinelongkitchen.com/contact-us.html,info@shinelongkitchen.com,20-34709971,+8618902337180,"No. 1 Headquarters Center, Tian An Hi-tech Ecological Park, Panyu Avenue, Guangzhou, China",China/Guangzhou,official website,"Official website describes SHINELONG as a commercial kitchen equipment supplier founded in 2008 and lists hotel, restaurant, hospital and school kitchen solutions. Footer publishes WhatsApp, WeChat, telephone, email and Guangzhou address.",Strong fit for restaurants, hotels, bakeries and commercial kitchen projects. Confirm gas/electric specs, certifications, installation support, spare parts and freight requirements before purchase.,official_site_contact_confirmed
Hotel and shortlet supplies,SHINELONG Kitchen Equipment,"Hotel kitchen equipment, banquet kitchen equipment, refrigeration, bakery equipment, stainless steel fabrication and full commercial kitchen project supply",https://www.shinelongkitchen.com/,https://www.shinelongkitchen.com/contact-us.html,info@shinelongkitchen.com,20-34709971,+8618902337180,"No. 1 Headquarters Center, Tian An Hi-tech Ecological Park, Panyu Avenue, Guangzhou, China",China/Guangzhou,official website,"Official website lists hotel kitchen, banquet, central kitchen, restaurant, hospital and school foodservice solutions and says the company serves clients in more than 150 countries.",Useful for hospitality buyers planning kitchens rather than loose room amenities. Confirm equipment layout, standards, after-sales and shipping/installation plan before ordering.,official_site_contact_confirmed
Office equipment,Deli Group,"Office stationery, office supplies, office equipment, school stationery, writing instruments, office furniture, tools, printers, paper shredders, laminators, safes, access control and label printers",https://www.deliworld.com/,https://www.deliworld.com/contact-us.html,info@nbdeli.com,+86-0574-5997-6624,,"Deli Group Co., Ltd, 301 Xuxiake Rd. Ninghai, Ningbo, Zhejiang, China",China/Ningbo,official website,"Official website describes Deli as a global office and stationery group with product categories including school stationery, writing instruments, office supplies, office equipment, office furniture, tools and printers. Contact page lists sales presence in more than 140 countries, email, telephone and Ningbo address.",Strong fit for office supply importers, school-supply wholesalers and retail stationery stores. Confirm distributor terms, carton quantities, product mix, warranty and brand authorization before buying.,official_site_contact_confirmed
Children and school supplies,Deli Group,"School stationery, writing instruments, notebooks, pencil sharpeners, school supplies, kids education products, bags, art products and coloring products",https://www.deliworld.com/,https://www.deliworld.com/contact-us.html,info@nbdeli.com,+86-0574-5997-6624,,"Deli Group Co., Ltd, 301 Xuxiake Rd. Ninghai, Ningbo, Zhejiang, China",China/Ningbo,official website,"Official website lists school stationery, writing instruments, bags, coloring products, kids education, paper products and school supplies. Contact page publishes email, telephone and Ningbo address.",Useful for back-to-school importers and stationery retailers. Confirm age labeling, school calendar timing, carton mix and Nigerian retail price before ordering.,official_site_contact_confirmed
Auto accessories and spare parts,Weichai Power,"Engines, power kits, industrial power solutions, transmissions, PTO, axles, hydraulics, new-energy systems, vehicles, aftermarket parts, oil and remanufacture",https://en.weichaipower.com/,https://en.weichaipower.com/Contact/,,,,,China/Shandong,official website,"Official website lists engine products for truck, bus, construction machinery and agriculture, energy and power solutions, gearbox, axle, hydraulic, new energy, vehicle and after-market parts/oil/remanufacture categories.",Better fit for heavy-duty/commercial vehicle and equipment spares than ordinary car accessories. Confirm model compatibility, authorized sales path and genuine-parts route before buying.,official_site_confirmed
